id,label,size,type,img
Pod Save America,Pod Save America,1.5,Podcast,
MSNBC,MSNBC,3,Tv Channel,
Hasan Piker,Hasan Piker,1,Guest,
Melissa Murray,Melissa Murray,1,Host,melissa_murray.jpg
Jon Favreau,Jon Favreau,1,Host,jon_favreau.jpg
Leah Litman,Leah Litman,1,Host,leah_litman.jpg
Kate Shaw,Kate Shaw,1,Host,kate_shaw.jpg
Dan Pfeiffer,Dan Pfeiffer,1,Host,dan_pfeiffer.jpg
Tommy Vietor,Tommy Vietor,1,Host,tommy_vietor.jpg
Jon Lovett,Jon Lovett,1,Host,jon_lovett.jpg
Michael Martinez,Michael Martinez,1,Producer,michael_martinez.jpg
Hakeem Jeffries,Hakeem Jeffries,1,Guest,hakeem_jeffries.jpg
Amy Klobuchar,Amy Klobuchar,1,Guest,amy_klobuchar.jpg
Pramila Jayapal,Pramila Jayapal,1,Guest,pramila_jayapal.jpg
Tara McGowan,Tara McGowan,1,Guest,tara_mcgowan.jpg
John Legend,John Legend,1,Guest,john_legend.jpg
Sherrod Brown,Sherrod Brown,1,Guest,sherrod_brown.jpg
Hillary Clinton,Hillary Clinton,1,Guest,hillary_clinton.jpg
Katie Couric,Katie Couric,1,Guest,katie_couric.jpg
Katie Porter,Katie Porter,1,Guest,katie_porter.jpg
Chris Hayes,Chris Hayes,1,Guest,chris_hayes.jpg
Zooey Zephyr,Zooey Zephyr,1,Guest,zooey_zephyr.jpg
Addisu Demissie,Addisu Demissie,1,Guest,addisu_demissie.jpg
Raphael Warnock,Raphael Warnock,1,Guest,raphael_warnock.jpg
Katie Hobbs,Katie Hobbs,1,Guest,katie_hobbs.jpg
Faiz Shakir,Faiz Shakir,1,Guest,faiz_shakir.jpg
Chris Christie,Chris Christie,1,Guest,chris_christie.jpg
John Hickenlooper,John Hickenlooper,1,Guest,john_hickenlooper.jpg
Colin Allred,Colin Allred,1,Guest,colin_allred.jpg
J.D. Scholten,J.D. Scholten,1,Guest,jd_scholten.jpg
Alexandria Ocasio-Cortez,Alexandria Ocasio-Cortez,1,Guest,alexandria_ocasio-cortez.jpg
Elizabeth Warren,Elizabeth Warren,1,Guest,elizabeth_warren.jpg
Yasmine Hamady,Yasmine Hamady,1,Guest,yasmine_hamady.jpg
Ruben Gallego,Ruben Gallego,1,Guest,ruben_gallego.jpg
Ronald Brownstein,Ronald Brownstein,1,Guest,ronald_brownstein.jpg
Maura Healey,Maura Healey,1,Guest,maura_healey.jpg
Mandela Barnes,Mandela Barnes,1,Guest,mandela_barnes.jpg
Alex Wagner,Alex Wagner,1,Guest,alex_wagner.jpg
Mehdi Hasan,Mehdi Hasan,1,Guest,mehdi_hasan.jpg
Tim Walz,Tim Walz,1,Guest,tim_walz.jpg
Heather Boushey,Heather Boushey,1,Guest,heather_boushey.jpg
Lindsay Owens,Lindsay Owens,1,Guest,lindsay_owens.jpg
Jay Inslee,Jay Inslee,1,Guest,jay_inslee.jpg
Anat Shenker-Osorio,Anat Shenker-Osorio,1,Guest,anat_shenker-osorio.jpg
Julián Castro,Julián Castro,1,Guest,julián_castro.jpg
Jamie Raskin,Jamie Raskin,1,Guest,jamie_raskin.jpg
Mark Leibovich,Mark Leibovich,1,Guest,mark_leibovich.jpg
John F. Kelly,John F. Kelly,1,Guest,john_f_kelly.jpg
Annie Karni,Annie Karni,1,Guest,annie_karni.jpg
Bee Nguyen,Bee Nguyen,1,Guest,bee_nguyen.jpg
Roy Wood Jr.,Roy Wood Jr.,1,Guest,roy_wood_jr.jpg
Kirsten Gillibrand,Kirsten Gillibrand,1,Guest,kirsten_gillibrand.jpg
Jake Tapper,Jake Tapper,1,Guest,jake_tapper.jpg
Andrew Yang,Andrew Yang,1,Guest,andrew_yang.jpg
Michael Bennet,Michael Bennet,1,Guest,michael_bennet.jpg
Alex Garland,Alex Garland,1,Guest,alex_garland.jpg
Cody Keenan,Cody Keenan,1,Guest,cody_keenan.jpg
Bernie Sanders,Bernie Sanders,1,Guest,bernie_sanders.jpg
Jen Psaki,Jen Psaki,1,Guest,jen_psaki.jpg
Liz Cheney,Liz Cheney,1,Guest,liz_cheney.jpg
Mallory McMorrow,Mallory McMorrow,1,Guest,mallory_mcmorrow.jpg
Chenjerai Kumanyika,Chenjerai Kumanyika,1,Guest,chenjerai_kumanyika.jpg
Shaniqua McClendon,Shaniqua McClendon,1,Guest,shaniqua_mcclendon.jpg
Cory Booker,Cory Booker,1,Guest,cory_booker.jpg
Mike Birbiglia,Mike Birbiglia,1,Guest,mike_birbiglia.jpg
Amy Walter,Amy Walter,1,Guest,amy_walter.jpg
Vivek Ramaswamy,Vivek Ramaswamy,1,Guest,vivek_ramaswamy.jpg
Marianne Williamson,Marianne Williamson,1,Guest,marianne_williamson.jpg
Joe Biden,Joe Biden,1,Guest,joe_biden.jpg
Heather McGhee,Heather McGhee,1,Guest,heather_mcghee.jpg
Mike Isaac,Mike Isaac,1,Guest,mike_isaac.jpg
Brian Wallach,Brian Wallach,1,Guest,brian_wallach.jpg
Steve Bullock,Steve Bullock,1,Guest,steve_bullock.jpg
Adam Kinzinger,Adam Kinzinger,1,Guest,adam_kinzinger.jpg
Zoë Schiffer,Zoë Schiffer,1,Guest,zoë_schiffer.jpg
John Fetterman,John Fetterman,1,Guest,john_fetterman.jpg
José Andrés,José Andrés,1,Guest,josé_andrés.jpg
Symone Sanders,Symone Sanders,1,Guest,symone_sanders.jpg
Chasten Buttigieg,Chasten Buttigieg,1,Guest,chasten_buttigieg.jpg
Stacey Abrams,Stacey Abrams,1,Guest,stacey_abrams.jpg
Pete Buttigieg,Pete Buttigieg,1,Guest,pete_buttigieg.jpg
Norman Eisen,Norman Eisen,1,Guest,norman_eisen.jpg
Tim Miller,Tim Miller,1,Guest,tim_miller.jpg
Brian Beutler,Brian Beutler,1,Guest,brian_beutler.jpg
Annie Lowrey,Annie Lowrey,1,Guest,annie_lowrey.jpg
Ben Wikler,Ben Wikler,1,Guest,ben_wikler.jpg
Dara Lind,Dara Lind,1,Guest,dara_lind.jpg
Mazie Hirono,Mazie Hirono,1,Guest,mazie_hirono.jpg
Sarah Longwell,Sarah Longwell,1,Guest,sarah_longwell.jpg
Bob Bauer,Bob Bauer,1,Guest,bob_bauer.jpg
Ronald A. Klain,Ronald A. Klain,1,Guest,ronald_a_klain.jpg
Steve Kornacki,Steve Kornacki,1,Guest,steve_kornacki.jpg
Hank Green,Hank Green,1,Guest,hank_green.jpg
Chris Murphy,Chris Murphy,1,Guest,chris_murphy.jpg
Lynn Vavreck,Lynn Vavreck,1,Guest,lynn_vavreck.jpg
Al Gore,Al Gore,1,Guest,al_gore.jpg
Susan Rice,Susan Rice,1,Guest,susan_rice.jpg
Eric Swalwell,Eric Swalwell,1,Guest,eric_swalwell.jpg
Jennifer Palmieri,Jennifer Palmieri,1,Guest,jennifer_palmieri.jpg
Laphonza Butler,Laphonza Butler,1,Guest,laphonza_butler.jpg
Debbie Mucarsel Powell,Debbie Mucarsel Powell,1,Guest,debbie_mucarsel_powell.jpg
Sarah McBride,Sarah McBride,1,Guest,sarah_mcbride.jpg
Joyce Craig,Joyce Craig,1,Guest,joyce_craig.jpg
Andrea Bernstein,Andrea Bernstein,1,Guest,andrea_bernstein.jpg
Alycia Pascual-Peña,Alycia Pascual-Peña,1,Guest,alycia_pascual-peña.jpg
Brian Schatz,Brian Schatz,1,Guest,brian_schatz.jpg
Dean Phillips,Dean Phillips,1,Guest,dean_phillips.jpg
Daniel S. Goldman,Daniel S. Goldman,1,Guest,daniel_s_goldman.jpg
Elissa Slotkin,Elissa Slotkin,1,Guest,elissa_slotkin.jpg
Rohit Khanna,Rohit Khanna,1,Guest,rohit_khanna.jpg
Maggie Haberman,Maggie Haberman,1,Guest,maggie_haberman.jpg
Jeff Horwitz,Jeff Horwitz,1,Guest,jeff_horwitz.jpg
Barbara Lee,Barbara Lee,1,Guest,barbara_lee.jpg
Mondaire Jones,Mondaire Jones,1,Guest,mondaire_jones.jpg
Adam Schiff,Adam Schiff,1,Guest,adam_schiff.jpg
Simon Rosenberg,Simon Rosenberg,1,Guest,simon_rosenberg.jpg
Mitchell Joseph Landrieu,Mitchell Joseph Landrieu,1,Guest,mitchell_joseph_landrieu.jpg
Arthur Brooks,Arthur Brooks,1,Guest,arthur_brooks.jpg
Dana Bash,Dana Bash,1,Guest,dana_bash.jpg
Priyanka Aribindi,Priyanka Aribindi,1,Guest,priyanka_aribindi.jpg
Mark Kelly,Mark Kelly,1,Guest,mark_kelly.jpg
Terrance Woodbury,Terrance Woodbury,1,Guest,terrance_woodbury.jpg
Karen Bass,Karen Bass,1,Guest,karen_bass.jpg
Max Fisher,Max Fisher,1,Guest,max_fisher.jpg
Rachel Maddow,Rachel Maddow,1,Host,rachel_maddow.jpg
Malcolm Kenyatta,Malcolm Kenyatta,1,Guest,malcolm_kenyatta.jpg
Nish Kumar,Nish Kumar,1,Guest,nish_kumar.jpg
Kamala Harris,Kamala Harris,1,Guest,kamala_harris.jpg
Carlos Odio,Carlos Odio,1,Guest,carlos_odio.jpg
J.B. Pritzker,J.B. Pritzker,1,Guest,jb_pritzker.jpg
Lina Khan,Lina Khan,1,Guest,lina_khan.jpg
Kal Penn,Kal Penn,1,Guest,kal_penn.jpg
Ruy Teixeira,Ruy Teixeira,1,Guest,ruy_teixeira.jpg
Brian Tyler Cohen,Brian Tyler Cohen,1,Guest,brian_tyler_cohen.jpg
Barack Obama,Barack Obama,1,Guest,barack_obama.jpg
George Stephanopoulos,George Stephanopoulos,1,Guest,george_stephanopoulos.jpg
Tammy Baldwin,Tammy Baldwin,1,Guest,tammy_baldwin.jpg
Sandra Abrevaya,Sandra Abrevaya,1,Guest,sandra_abrevaya.jpg
Cassidy Hutchinson,Cassidy Hutchinson,1,Guest,cassidy_hutchinson.jpg
Cornell Belcher,Cornell Belcher,1,Guest,cornell_belcher.jpg
Jon Stewart,Jon Stewart,1,Guest,jon_stewart.jpg
David Plouffe,David Plouffe,1,Guest,david_plouffe.jpg
Karine Jean-Pierre,Karine Jean-Pierre,1,Guest,karine_jean-pierre.jpg
Tim Ryan,Tim Ryan,1,Guest,tim_ryan.jpg
Celinda Lake,Celinda Lake,1,Guest,celinda_lake.jpg
Nsé Ufot,Nsé Ufot,1,Guest,nsé_ufot.jpg
Pat Ryan,Pat Ryan,1,Guest,pat_ryan.jpg
Gretchen Whitmer,Gretchen Whitmer,1,Guest,gretchen_whitmer.jpg
Douglas Emhoff,Douglas Emhoff,1,Guest,douglas_emhoff.jpg
Jennifer Carroll Foy,Jennifer Carroll Foy,1,Guest,jennifer_carroll_foy.jpg
Halle Kiefer,Halle Kiefer,1,Guest,halle_kiefer.jpg
Andrew Weissmann,Andrew Weissmann,1,Guest,andrew_weissmann.jpg
Gavin Newsom,Gavin Newsom,1,Guest,gavin_newsom.jpg
Beto O'Rourke,Beto O'Rourke,1,Guest,beto_o'rourke.jpg
Erin Ryan,Erin Ryan,1,Guest,erin_ryan.jpg
Julia Louis-Dreyfus,Julia Louis-Dreyfus,1,Guest,julia_louis-dreyfus.jpg
Amanda Litman,Amanda Litman,1,Guest,amanda_litman.jpg
Buffy Jo Christina Wicks,Buffy Jo Christina Wicks,1,Guest,buffy_jo_christina_wicks.jpg
Laurence Tribe,Laurence Tribe,1,Guest,laurence_tribe.jpg
David Binder,David Binder,1,Guest,
Anderson Clayton,Anderson Clayton,1,Guest,anderson_clayton.jpg
Michael Regan,Michael Regan,1,Guest,michael_regan.jpg
Letitia James,Letitia James,1,Guest,letitia_james.jpg
Lis Smith,Lis Smith,1,Guest,lis_smith.jpg
Jacky Rosen,Jacky Rosen,1,Guest,jacky_rosen.jpg
Kristen Soltis Anderson,Kristen Soltis Anderson,1,Guest,kristen_soltis_anderson.jpg
David Axelrod,David Axelrod,1,Guest Host,david_axelrod.jpg
Josie Duffy Rice,Josie Duffy Rice,1,Guest Host,josie_duffy_rice.jpg
Tre'vell Anderson,Tre'vell Anderson,1,Guest Host,tre'vell_anderson.jpg
Rebecca Katz,Rebecca Katz,1,Guest Host,rebecca_katz.jpg
Perry Bacon,Perry Bacon,1,Guest Host,perry_bacon.jpg
Jane Coaston,Jane Coaston,1,Guest Host,jane_coaston.jpg
Sam Sanders,Sam Sanders,1,Guest Host,sam_sanders.jpg
Alyssa Mastromonaco,Alyssa Mastromonaco,1,Guest Host,alyssa_mastromonaco.jpg
Errin Haines,Errin Haines,1,Guest Host,errin_haines.jpg
Dave Weigel,Dave Weigel,1,Guest Host,dave_weigel.jpg
Dan Osborn,Dan Osborn,1,Guest,dan_osborn.jpg
Cristina Tzintzun Ramirez,Cristina Tzintzun Ramirez,1,Guest,cristina_tzintzun_ramirez.jpg
Felix Salmon,Felix Salmon,1,Guest,felix_salmon.jpg
Alexandra Brodsky,Alexandra Brodsky,1,Guest,alexandra_brodsky.jpg
Alec MacGillis,Alec MacGillis,1,Guest,alec_macgillis.jpg
Dorothy Brown,Dorothy Brown,1,Guest,dorothy_brown.jpg
Ben Smith,Ben Smith,1,Guest,ben_smith.jpg
Daniel Lavery,Daniel Lavery,1,Guest,daniel_lavery.jpg
Kashmir Hill,Kashmir Hill,1,Guest,kashmir_hill.jpg
Jonathan Cohn,Jonathan Cohn,1,Guest,jonathan_cohn.jpg
Robert Samuels,Robert Samuels,1,Guest,robert_samuels.jpg
Dahlia Lithwick,Dahlia Lithwick,1,Guest,dahlia_lithwick.jpg
Tim Wu,Tim Wu,1,Guest,tim_wu.jpg
Michael Lewis,Michael Lewis,1,Guest,michael_lewis.jpg
Natalie Wynn,Natalie Wynn,1,Guest,natalie_wynn.jpg
Nikole Hannah-Jones,Nikole Hannah-Jones,1,Guest,nikole_hannah-jones.jpg
Jonathan M. Katz,Jonathan M. Katz,1,Guest,jonathan_m_katz.jpg
Jacob Ward,Jacob Ward,1,Guest,jacob_ward.jpg
Sherrilyn Ifill,Sherrilyn Ifill,1,Guest,sherrilyn_ifill.jpg
Olga Khazan,Olga Khazan,1,Guest,olga_khazan.jpg
Thomas Zimmer,Thomas Zimmer,1,Guest,thomas_zimmer.jpg
Corey Robin,Corey Robin,1,Guest,corey_robin.jpg
Mariame Kaba,Mariame Kaba,1,Guest,mariame_kaba.jpg
Thomas Fisher,Thomas Fisher,1,Guest,thomas_fisher.jpg
Liliana Segura,Liliana Segura,1,Guest,
Ted Cruz,Ted Cruz,1,Guest,ted_cruz.jpg
Eric Holder,Eric Holder,1,Guest,eric_holder.jpg
Ezra Klein,Ezra Klein,1,Guest,ezra_klein.jpg
Jay Caspian Kang,Jay Caspian Kang,1,Guest,jay_caspian_kang.jpg
Rian Thum,Rian Thum,1,Guest,rian_thum.jpg
Dorian Warren,Dorian Warren,1,Guest,dorian_warren.jpg
Sasha Issenberg,Sasha Issenberg,1,Guest,sasha_issenberg.jpg
Paola Ramos,Paola Ramos,1,Guest,paola_ramos.jpg
Patrick Radden Keefe,Patrick Radden Keefe,1,Guest,patrick_radden_keefe.jpg
Josh Dzieza,Josh Dzieza,1,Guest,josh_dzieza.jpg
Maya Sen,Maya Sen,1,Guest,maya_sen.jpg
Herman Pontzer,Herman Pontzer,1,Guest,herman_pontzer.jpg
Brandy Zadrozny,Brandy Zadrozny,1,Guest,brandy_zadrozny.jpg
Carl Hart,Carl Hart,1,Guest,carl_hart.jpg
Naomi Klein,Naomi Klein,1,Guest,naomi_klein.jpg
Rebecca Seidel,Rebecca Seidel,1,Audio Engineer,rebecca_seidel.jpg
Jiaying Zhao,Jiaying Zhao,1,Guest,jiaying_zhao.jpg
Marcelo Gleiser,Marcelo Gleiser,1,Guest,marcelo_gleiser.jpg
Rebecca Nagle,Rebecca Nagle,1,Host,rebecca_nagle.jpg
Melody Rowell,Melody Rowell,1,Producer,melody_rowell.jpg
Amanda Hollis-Brusky,Amanda Hollis-Brusky,1,Guest,amanda_hollis-brusky.jpg
Elie Mystal,Elie Mystal,1,Guest,elie_mystal.jpg
Alise Morales,Alise Morales,1,Guest,alise_morales.jpg
Sheldon Whitehouse,Sheldon Whitehouse,1,Guest,sheldon_whitehouse.jpg
Shefali Luthra,Shefali Luthra,1,Guest,shefali_luthra.jpg
Danielle Citron,Danielle Citron,1,Guest,danielle_citron.jpg
Daniel Nichanian,Daniel Nichanian,1,Guest,daniel_nichanian.jpg
Michele Goodwin,Michele Goodwin,1,Guest,michele_goodwin.jpg
E. Jean Carroll,E. Jean Carroll,1,Guest,e_jean_carroll.jpg
Tomiko Brown-Nagin,Tomiko Brown-Nagin,1,Guest,tomiko_brown-nagin.jpg
Jessica Valenti,Jessica Valenti,1,Guest,jessica_valenti.jpg
Rebecca Traister,Rebecca Traister,1,Guest,rebecca_traister.jpg
Richard L. Hasen,Richard L. Hasen,1,Guest,richard_l_hasen.jpg
Oona Hathaway,Oona Hathaway,1,Guest,oona_hathaway.jpg
Julie Rikelman,Julie Rikelman,1,Guest,julie_rikelman.jpg
Joel Anderson,Joel Anderson,1,Guest,joel_anderson.jpg
Nikolas Bowie,Nikolas Bowie,1,Guest,nikolas_bowie.jpg
Ari Berman ,Ari Berman ,1,Guest,ari_berman_.jpg
Deborah Tuerkheimer,Deborah Tuerkheimer,1,Guest,deborah_tuerkheimer.jpg
Irin Carmon,Irin Carmon,1,Guest,irin_carmon.jpg
Sam Sankar,Sam Sankar,1,Guest,sam_sankar.jpg
Mary Ziegler,Mary Ziegler,1,Guest,mary_ziegler.jpg
Jeannie Suk Gersen,Jeannie Suk Gersen,1,Guest,jeannie_suk_gersen.jpg
Janai Nelson,Janai Nelson,1,Guest,janai_nelson.jpg
Jodi Kantor,Jodi Kantor,1,Guest,jodi_kantor.jpg
Joanna Schwartz,Joanna Schwartz,1,Guest,joanna_schwartz.jpg
Joshua Prager,Joshua Prager,1,Guest,joshua_prager.jpg
Jonathan Van Ness,Jonathan Van Ness,1,Guest,jonathan_van_ness.jpg
Joan Biskupic,Joan Biskupic,1,Guest,joan_biskupic.jpg
Roberta Kaplan,Roberta Kaplan,1,Guest,roberta_kaplan.jpg
Carolyn Shapiro,Carolyn Shapiro,1,Guest,carolyn_shapiro.jpg
Dylan Penningroth,Dylan Penningroth,1,Guest,dylan_penningroth.jpg
Jill Karofsky,Jill Karofsky,1,Guest,jill_karofsky.jpg
Alicia Bannon,Alicia Bannon,1,Guest,alicia_bannon.jpg
Dawn Porter,Dawn Porter,1,Guest,dawn_porter.jpg
Brian Fallon,Brian Fallon,1,Guest,brian_fallon.jpg
Wilfred Codrington,Wilfred Codrington,1,Guest,wilfred_codrington.jpg
Fatima Goss Graves,Fatima Goss Graves,1,Guest,fatima_goss_graves.jpg
Michael Waldman,Michael Waldman,1,Guest,michael_waldman.jpg
Stephen Vladeck,Stephen Vladeck,1,Guest,stephen_vladeck.jpg
Jamelle Bouie,Jamelle Bouie,1,Guest,jamelle_bouie.jpg
Justin Elliott,Justin Elliott,1,Guest,justin_elliott.jpg
Amanda Duberman,Amanda Duberman,1,Guest,amanda_duberman.jpg
Micah Schwartzman,Micah Schwartzman,1,Guest,micah_schwartzman.jpg
Milly Tamarez,Milly Tamarez,1,Guest,milly_tamarez.jpg
Chris Geidner,Chris Geidner,1,Guest Host,chris_geidner.jpg
Molly Jong-Fast,Molly Jong-Fast,1,Host,molly_jong-fast.jpg
Jeet Heer,Jeet Heer,1,Guest,jeet_heer.jpg
Ramin Setoodeh,Ramin Setoodeh,1,Guest,ramin_setoodeh.jpg
Elle Reeve,Elle Reeve,1,Guest,elle_reeve.jpg
Joshua Green,Joshua Green,1,Guest,joshua_green.jpg
Michael Isikoff,Michael Isikoff,1,Guest,michael_isikoff.jpg
David Leonhardt,David Leonhardt,1,Guest,david_leonhardt.jpg
Justin Wolfers,Justin Wolfers,1,Guest,justin_wolfers.jpg
Jeff Goodell,Jeff Goodell,1,Guest,jeff_goodell.jpg
Jordan Klepper,Jordan Klepper,1,Guest,jordan_klepper.jpg
John Heilemann,John Heilemann,1,Guest,john_heilemann.jpg
Michael S. Roth,Michael S. Roth,1,Guest,michael_s_roth.jpg
Michael Gerhardt,Michael Gerhardt,1,Guest,michael_gerhardt.jpg
Ryan Mac,Ryan Mac,1,Guest,ryan_mac.jpg
Peter S. Goodman,Peter S. Goodman,1,Guest,peter_s_goodman.jpg
Kate Conger,Kate Conger,1,Guest,kate_conger.jpg
Jonathan Alter,Jonathan Alter,1,Guest,jonathan_alter.jpg
Jared Schutz Polis,Jared Schutz Polis,1,Guest,jared_schutz_polis.jpg
Brad Meltzer,Brad Meltzer,1,Guest,brad_meltzer.jpg
Jared Huffman,Jared Huffman,1,Guest,jared_huffman.jpg
David Wallace Wells,David Wallace Wells,1,Guest,david_wallace_wells.jpg
Timothy Snyder,Timothy Snyder,1,Guest,timothy_snyder.jpg
Brian Klaas,Brian Klaas,1,Guest,brian_klaas.jpg
Ryan Grim,Ryan Grim,1,Guest,ryan_grim.jpg
Janelle Bynum,Janelle Bynum,1,Guest,janelle_bynum.jpg
Maya Wiley,Maya Wiley,1,Guest,maya_wiley.jpg
Jeff Jarvis, Jeff Jarvis,1,Guest,jeff_jarvis.jpg
Margaret Sullivan,Margaret Sullivan,1,Guest,margaret_sullivan.jpg
Lawrence O'Donnell,Lawrence O'Donnell,1,Guest,lawrence_o'donnell.jpg
John Leguizamo,John Leguizamo,1,Guest,john_leguizamo.jpg
Michael Tomasky,Michael Tomasky,1,Guest,michael_tomasky.jpg
Steven Levitsky,Steven Levitsky,1,Guest,steven_levitsky.jpg
Charlie Sykes,Charlie Sykes,1,Guest,charlie_sykes.jpg
Jay Willis,Jay Willis,1,Guest,jay_willis.jpg
Jessica Mackler,Jessica Mackler,1,Guest,jessica_mackler.jpg
Ian Dunt,Ian Dunt,1,Guest,ian_dunt.jpg
Rick Wilson,Rick Wilson,1,Guest,rick_wilson.jpg
Mike Hixenbaugh,Mike Hixenbaugh,1,Guest,mike_hixenbaugh.jpg
Gloria Johnson,Gloria Johnson,1,Guest,gloria_johnson.jpg
Jason Stanley,Jason Stanley,1,Guest,jason_stanley.jpg
Mary Trump,Mary Trump,1,Guest,mary_trump.jpg
John Burn-Murdoch,John Burn-Murdoch,1,Guest,john_burn-murdoch.jpg
Norm Ornstein,Norm Ornstein,1,Guest,norm_ornstein.jpg
David Rubenstein,David Rubenstein,1,Guest,david_rubenstein.jpg
Susanne Craig,Susanne Craig,1,Guest,susanne_craig.jpg
Parker Molloy,Parker Molloy,1,Guest,parker_molloy.jpg
Steve Inskeep,Steve Inskeep,1,Guest,steve_inskeep.jpg
Anne Applebaum,Anne Applebaum,1,Guest,anne_applebaum.jpg
Scott Shapiro,Scott Shapiro,1,Guest,scott_shapiro.jpg
John Ganz,John Ganz,1,Guest,john_ganz.jpg
David Roberts,David Roberts,1,Guest,david_roberts.jpg
Caroline Kitchener,Caroline Kitchener,1,Guest,caroline_kitchener.jpg
Greg Sargent,Greg Sargent,1,Guest,greg_sargent.jpg
Josh Marshall,Josh Marshall,1,Guest,josh_marshall.jpg
Jonathan Allen,Jonathan Allen,1,Guest,jonathan_allen.jpg
Adam Jentleson,Adam Jentleson,1,Guest,
Brendan Boyle,Brendan Boyle,1,Guest,brendan_boyle.jpg
Douglas Rushkoff,Douglas Rushkoff,1,Guest,douglas_rushkoff.jpg
Daniel Klaidman,Daniel Klaidman,1,Guest,daniel_klaidman.jpg
Alex Thompson,Alex Thompson,1,Guest,alex_thompson.jpg
David Sirota,David Sirota,1,Guest,david_sirota.jpg
Lester Lawrence Lessig III,Lester Lawrence Lessig III,1,Guest,lester_lawrence_lessig_iii.jpg
Ian Bremmer,Ian Bremmer,1,Guest,ian_bremmer.jpg
Mark Cuban,Mark Cuban,1,Guest,mark_cuban.jpg
Jim Himes,Jim Himes,1,Guest,jim_himes.jpg
Jim Messina,Jim Messina,1,Guest,
Bill Adair,Bill Adair,1,Guest,bill_adair.jpg
Rick Perlstein,Rick Perlstein,1,Guest,rick_perlstein.jpg
Dr. Julian Zelizer,Dr. Julian Zelizer,1,Guest,dr_julian_zelizer.jpg
Al Franken,Al Franken,1,Guest,al_franken.jpg
Summer Lee,Summer Lee,1,Guest,summer_lee.jpg
Garrett Graff,Garrett Graff,1,Guest,garrett_graff.jpg
Robert Reich,Robert Reich,1,Guest,robert_reich.jpg
Oliver Darcy,Oliver Darcy,1,Guest,oliver_darcy.jpg
Harry Litman,Harry Litman,1,Guest,harry_litman.jpg
Stuart Stevens,Stuart Stevens,1,Guest,stuart_stevens.jpg
Chuck Schumer,Chuck Schumer,1,Guest,chuck_schumer.jpg
Maxwell Frost,Maxwell Frost,1,Guest,maxwell_frost.jpg
Dr. Nii-Quartelai Quartey,Dr. Nii-Quartelai Quartey,1,Guest,dr_nii-quartelai_quartey.jpg
Daniel Squadron,Daniel Squadron,1,Guest,
Theda Skocpol,Theda Skocpol,1,Guest,theda_skocpol.jpg
Angelo Carusone,Angelo Carusone,1,Guest,angelo_carusone.jpg
Greg Epstein,Greg Epstein,1,Guest,greg_epstein.jpg
Dave Troy,Dave Troy,1,Guest,
Tom Steyer,Tom Steyer,1,Guest,tom_steyer.jpg
Whitney Fox,Whitney Fox,1,Guest,whitney_fox.jpg
Gary Peters,Gary Peters,1,Guest,gary_peters.jpg
David Mandel,David Mandel,1,Guest,david_mandel.jpg
Amanda Becker,Amanda Becker,1,Guest,amanda_becker.jpg
Melissa Walker,Melissa Walker,1,Guest,melissa_walker.jpg
Raúl Torrez,Raúl Torrez,1,Guest,raúl_torrez.jpg
Barbara Boxer,Barbara Boxer,1,Guest,barbara_boxer.jpg
Geraldo Cadava,Geraldo Cadava,1,Guest,geraldo_cadava.jpg
Steven Mazie,Steven Mazie,1,Guest,steven_mazie.jpg
Anna Merlan,Anna Merlan,1,Guest,anna_merlan.jpg
Anupreeta Das,Anupreeta Das,1,Guest,anupreeta_das.jpg
Emily Atkin,Emily Atkin,1,Guest,emily_atkin.jpg
Bradley Tusk,Bradley Tusk,1,Guest,bradley_tusk.jpg
John Della Volpe,John Della Volpe,1,Guest,
Laura Gillen,Laura Gillen,1,Guest,laura_gillen.jpg
Robin Marty,Robin Marty,1,Guest,
Matt Tyrnauer,Matt Tyrnauer,1,Guest,matt_tyrnauer.jpg
Jason Selvig,Jason Selvig,1,Guest,
Neera Tanden,Neera Tanden,1,Guest,neera_tanden.jpg
Randi Weingarten,Randi Weingarten,1,Guest,randi_weingarten.jpg
Anna Eskamani,Anna Eskamani,1,Guest,anna_eskamani.jpg
Claudia Sahm,Claudia Sahm,1,Guest,claudia_sahm.jpg
Maria Ressa,Maria Ressa,1,Guest,maria_ressa.jpg
Geoffrey Berman,Geoffrey Berman,1,Guest,geoffrey_berman.jpg
Thomas Hoenig,Thomas Hoenig,1,Guest,thomas_hoenig.jpg
Kris Acimovic,Kris Acimovic,1,Guest,kris_acimovic.jpg
Matthew Connelly,Matthew Connelly,1,Guest,matthew_connelly.jpg
Mona Charen,Mona Charen,1,Guest,mona_charen.jpg
Tocarra Mallard,Tocarra Mallard,1,Guest,tocarra_mallard.jpg
Gary Gensler,Gary Gensler,1,Guest,gary_gensler.jpg
Brinda Adhikari,Brinda Adhikari,1,Guest,brinda_adhikari.jpg
Steve H. Hanke,Steve H. Hanke,1,Guest,steve_h_hanke.jpg
Alex Stamos,Alex Stamos,1,Guest,alex_stamos.jpg
David Dayen,David Dayen,1,Guest,david_dayen.jpg
Susan Helvenston,Susan Helvenston,1,Guest,susan_helvenston.jpg
Jon Tester,Jon Tester,1,Guest,jon_tester.jpg
Jerry Moran,Jerry Moran,1,Guest,jerry_moran.jpg
Julia Ioffe,Julia Ioffe,1,Guest,julia_ioffe.jpg
London Breed,London Breed,1,Guest,london_breed.jpg
Heather Cox Richardson,Heather Cox Richardson,1,Guest,heather_cox_richardson.jpg
Stephanie Kelton,Stephanie Kelton,1,Guest,stephanie_kelton.jpg
Jessica Chen Weiss,Jessica Chen Weiss,1,Guest,jessica_chen_weiss.jpg
Alexa Loftus,Alexa Loftus,1,Guest,
Trey Sherman,Trey Sherman,1,Guest,trey_sherman.jpg
Kasaun Wilson,Kasaun Wilson,1,Guest,kasaun_wilson.jpg
Isabel Wilkerson,Isabel Wilkerson,1,Guest,isabel_wilkerson.jpg
Dr. Miguel Cardona,Dr. Miguel Cardona,1,Guest,dr_miguel_cardona.jpg
Jamie Dimon,Jamie Dimon,1,Guest,jamie_dimon.jpg
Rob Christensen,Rob Christensen,1,Guest,rob_christensen.jpg
John Glaser,John Glaser,1,Guest,john_glaser.jpg
Dawn Staley,Dawn Staley,1,Guest,dawn_staley.jpg
Dr. Phillip Atiba Goff,Dr. Phillip Atiba Goff,1,Guest,dr_phillip_atiba_goff.jpg
Celine Halioua,Celine Halioua,1,Guest,
Ev Williams,Ev Williams,1,Guest,ev_williams.jpg
Henrik Blix,Henrik Blix,1,Guest,henrik_blix.jpg
Steve Kerr,Steve Kerr,1,Guest,steve_kerr.jpg
Sheila Bair,Sheila Bair,1,Guest,sheila_bair.jpg
Jay Jurden,Jay Jurden,1,Guest,jay_jurden.jpg
Sadiq Khan,Sadiq Khan,1,Guest,sadiq_khan.jpg
Linda Bilmes,Linda Bilmes,1,Guest,linda_bilmes.jpg
Judd Apatow,Judd Apatow,1,Guest,judd_apatow.jpg
Deniz Çam,Deniz Çam,1,Guest,deniz_çam.jpg
Dr. Condoleezza Rice,Dr. Condoleezza Rice,1,Guest,dr_condoleezza_rice.jpg
Gabriel Gatehouse,Gabriel Gatehouse,1,Guest,gabriel_gatehouse.jpg
RonNell Andersen Jones,RonNell Andersen Jones,1,Guest,ronnell_andersen_jones.jpg
Safi Rauf,Safi Rauf,1,Guest,safi_rauf.jpg
Ian Hislop,Ian Hislop,1,Guest,ian_hislop.jpg
Robby Slowik,Robby Slowik,1,Guest,robby_slowik.jpg
Bill O’Reilly,Bill O’Reilly,1,Guest,bill_o’reilly.jpg
Sam Adler-Bell,Sam Adler-Bell,1,Host,sam_adler-bell.jpg
Matthew Sitman,Matthew Sitman,1,Host,matthew_sitman.jpg
Jacob Heilbrunn,Jacob Heilbrunn,1,Guest,jacob_heilbrunn.jpg
Mari Cohen,Mari Cohen,1,Guest,mari_cohen.jpg
Shuja Haider,Shuja Haider,1,Guest,shuja_haider.jpg
Ross Douthat,Ross Douthat,1,Guest,ross_douthat.jpg
Gillian Branstetter,Gillian Branstetter,1,Guest,gillian_branstetter.jpg
Kate Aronoff,Kate Aronoff,1,Guest,kate_aronoff.jpg
Adrian Daub,Adrian Daub,1,Guest,adrian_daub.jpg
B.D. McClay,B.D. McClay,1,Guest,bd_mcclay.jpg
Damon Linker,Damon Linker,1,Guest,damon_linker.jpg
David Klion,David Klion,1,Guest,david_klion.jpg
Max Alvarez,Max Alvarez,1,Guest,max_alvarez.jpg
Sarah Jones,Sarah Jones,1,Guest,sarah_jones.jpg
Dorothy Fortenberry,Dorothy Fortenberry,1,Guest,dorothy_fortenberry.jpg
Spencer Ackerman,Spencer Ackerman,1,Guest,spencer_ackerman.jpg
Sarah Weinman,Sarah Weinman,1,Guest,sarah_weinman.jpg
Nicole Hemmer,Nicole Hemmer,1,Guest,nicole_hemmer.jpg
Michael Liroff,Michael Liroff,1,Guest,michael_liroff.jpg
Peter Beinart,Peter Beinart,1,Guest,peter_beinart.jpg
Jennifer Berkshire,Jennifer Berkshire,1,Guest,jennifer_berkshire.jpg
Gabriel Winant,Gabriel Winant,1,Guest,gabriel_winant.jpg
Brandy Jensen,Brandy Jensen,1,Guest,brandy_jensen.jpg
Jennifer Burns,Jennifer Burns,1,Guest,jennifer_burns.jpg
Nate Hochman,Nate Hochman,1,Guest,nate_hochman.jpg
Michelle Nickerson,Michelle Nickerson,1,Guest,michelle_nickerson.jpg
Kim Phillips-Fein,Kim Phillips-Fein,1,Guest,kim_phillips-fein.jpg
Eric Rauchway,Eric Rauchway,1,Guest,eric_rauchway.jpg
Sarah Marshall,Sarah Marshall,1,Guest,sarah_marshall.jpg
Daniel Sherrell,Daniel Sherrell,1,Guest,daniel_sherrell.jpg
Erik Baker,Erik Baker,1,Guest,erik_baker.jpg
David Roth,David Roth,1,Guest,david_roth.jpg
Leon Neyfakh,Leon Neyfakh,1,Guest,leon_neyfakh.jpg
Michael Kazin,Michael Kazin,1,Guest,michael_kazin.jpg
Michael Hobbes,Michael Hobbes,1,Guest,michael_hobbes.jpg
Samuel Moyn,Samuel Moyn,1,Guest,samuel_moyn.jpg
Alex Press,Alex Press,1,Guest,alex_press.jpg
Peter Shamshiri,Peter Shamshiri,1,Guest,peter_shamshiri.jpg
Osita Nwenavu,Osita Nwenavu,1,Guest,osita_nwenavu.jpg
Daniel Denvir,Daniel Denvir,1,Guest,daniel_denvir.jpg
Rhiannon Hamam,Rhiannon Hamam,1,Guest,rhiannon_hamam.jpg
Samuel Goldman,Samuel Goldman,1,Guest,samuel_goldman.jpg
Moira Donegan,Moira Donegan,1,Guest,moira_donegan.jpg
Talia Lavin,Talia Lavin,1,Guest,talia_lavin.jpg
Sam Tanenhaus,Sam Tanenhaus,1,Guest,sam_tanenhaus.jpg
Marshall Steinbaum,Marshall Steinbaum,1,Guest,marshall_steinbaum.jpg
Vinson Cunningham,Vinson Cunningham,1,Guest,vinson_cunningham.jpg
Christian Wiman,Christian Wiman,1,Guest,christian_wiman.jpg
Suzanne Schneider,Suzanne Schneider,1,Guest,suzanne_schneider.jpg
Hannah Zeavin,Hannah Zeavin,1,Guest,hannah_zeavin.jpg
Chris Lehmann,Chris Lehmann,1,Guest,chris_lehmann.jpg
Tara Isabella Burton,Tara Isabella Burton,1,Guest,tara_isabella_burton.jpg
Beverly Gage,Beverly Gage,1,Guest,beverly_gage.jpg
Thea Riofrancos,Thea Riofrancos,1,Guest,thea_riofrancos.jpg
Brian Montopoli,Brian Montopoli,1,Producer,brian_montopoli.jpg
Jeff Sharlet,Jeff Sharlet,1,Guest,jeff_sharlet.jpg
Mary McCord,Mary McCord,1,Guest,mary_mccord.jpg
Alencia Johnson,Alencia Johnson,1,Guest,alencia_johnson.jpg
Michelle Goldberg,Michelle Goldberg,1,Guest,michelle_goldberg.jpg
Ta-Nehisi Coates,Ta-Nehisi Coates,1,Guest,ta-nehisi_coates.jpg
David Freedlander,David Freedlander,1,Guest,david_freedlander.jpg
Margaret Talev,Margaret Talev,1,Guest,margaret_talev.jpg
Jelani Cobb,Jelani Cobb,1,Guest,jelani_cobb.jpg
Elaina Plott Calabro,Elaina Plott Calabro,1,Guest,elaina_plott_calabro.jpg
Xavier Becerra,Xavier Becerra,1,Guest,xavier_becerra.jpg
David Miliband,David Miliband,1,Guest,david_miliband.jpg
Will Oremus,Will Oremus,1,Guest,will_oremus.jpg
Deanne Criswell,Deanne Criswell,1,Guest,deanne_criswell.jpg
Jess McIntosh,Jess McIntosh,1,Guest,jess_mcintosh.jpg
David Rohde,David Rohde,1,Guest,david_rohde.jpg
McKay Coppins,McKay Coppins,1,Guest,mckay_coppins.jpg
Bob Woodward,Bob Woodward,1,Guest,bob_woodward.jpg
Marisa Kabas,Marisa Kabas,1,Guest,marisa_kabas.jpg
Anthony Fauci,Anthony Fauci,1,Guest,anthony_fauci.jpg
Lisa Rubin,Lisa Rubin,1,Guest,
Eric Lipton ,Eric Lipton ,1,Guest,eric_lipton_.jpg
Ben Rhodes,Ben Rhodes,1,Guest,ben_rhodes.jpg
Jacob Soboroff,Jacob Soboroff,1,Guest,jacob_soboroff.jpg
Neal Katyal,Neal Katyal,1,Guest,neal_katyal.jpg
Masha Gessen,Masha Gessen,1,Guest,masha_gessen.jpg
John Kirby,John Kirby,1,Guest,john_kirby.jpg
Michael Beschloss,Michael Beschloss,1,Guest,michael_beschloss.jpg
Katty Kay,Katty Kay,1,Guest,katty_kay.jpg
David Remnick,David Remnick,1,Guest,david_remnick.jpg
Claire McCaskill,Claire McCaskill,1,Guest,claire_mccaskill.jpg
Fernand Amandi,Fernand Amandi,1,Guest,fernand_amandi.jpg
Ryan Devereaux,Ryan Devereaux,1,Guest,
Margie Omero,Margie Omero,1,Guest,margie_omero.jpg
Philippe Reines,Philippe Reines,1,Guest,philippe_reines.jpg
Alexi McCammond,Alexi McCammond,1,Guest,alexi_mccammond.jpg
Isaac Arnsdorf,Isaac Arnsdorf,1,Guest,isaac_arnsdorf.jpg
Joy Reid,Joy Reid,1,Guest,joy_reid.jpg
Ian Sams,Ian Sams,1,Guest,ian_sams.jpg
Michael S. Schmidt,Michael S. Schmidt,1,Guest,michael_s_schmidt.jpg
Zaha Hassan,Zaha Hassan,1,Guest,zaha_hassan.jpg
Bill Karins,Bill Karins,1,Guest,bill_karins.jpg
Maria Hinojosa,Maria Hinojosa,1,Guest,maria_hinojosa.jpg
Patrick Gaspard,Patrick Gaspard,1,Guest,patrick_gaspard.jpg
Jena Griswold,Jena Griswold,1,Guest,jena_griswold.jpg
Courtney Kube,Courtney Kube,1,Guest,courtney_kube.jpg
Susan Glasser,Susan Glasser,1,Guest,susan_glasser.jpg
George Conway,George Conway,1,Guest,george_conway.jpg
Michael Fanone,Michael Fanone,1,Guest,michael_fanone.jpg
Ilya Marritz,Ilya Marritz,1,Guest,ilya_marritz.jpg
Marc Elias,Marc Elias,1,Guest,marc_elias.jpg
Julia Marcus,Julia Marcus,1,Guest,julia_marcus.jpg
Rachel Kleinfeld,Rachel Kleinfeld,1,Guest,rachel_kleinfeld.jpg
Michael Steele,Michael Steele,1,Guest,michael_steele.jpg
Nancy Pelosi,Nancy Pelosi,1,Guest,nancy_pelosi.jpg
Asawin Suebsaeng,Asawin Suebsaeng,1,Guest,asawin_suebsaeng.jpg
Adam Serwer,Adam Serwer,1,Guest,adam_serwer.jpg
Rachel Simon,Rachel Simon,1,Segment Producer,
Tiffany Champion,Tiffany Champion,1,Line Producer,
Diane Shamis,Diane Shamis,1,Booking Producer,diane_shamis.jpg
Tina Cone,Tina Cone,1,Senior Producer,
Denis Horgan,Denis Horgan,1,Executive Producer,denis_horgan.jpg
Olivia Nuzzi,Olivia Nuzzi,1,Guest,olivia_nuzzi.jpg
Aquilino Gonell,Aquilino Gonell,1,Guest,aquilino_gonell.jpg
Ryan Reilly,Ryan Reilly,1,Guest,ryan_reilly.jpg
Tatishe Nteta,Tatishe Nteta,1,Guest,
David Jolly,David Jolly,1,Guest,david_jolly.jpg
Kristy Greenberg,Kristy Greenberg,1,Guest,kristy_greenberg.jpg
Adam B. Smith,Adam B. Smith,1,Guest,adam_b_smith.jpg
Ian Bassin,Ian Bassin,1,Guest,ian_bassin.jpg
Austin Davis,Austin Davis,1,Guest,austin_davis.jpg
Richard Blumenthal,Richard Blumenthal,1,Guest,richard_blumenthal.jpg
Kevin Carroll,Kevin Carroll,1,Guest,kevin_carroll.jpg
Errol Morris,Errol Morris,1,Guest,errol_morris.jpg
Mike McDonnell,Mike McDonnell,1,Guest,mike_mcdonnell.jpg
Dr. William Barber,Dr. William Barber,1,Guest,dr_william_barber.jpg
Paul Krugman,Paul Krugman,1,Guest,paul_krugman.jpg
Tara Setmayer,Tara Setmayer,1,Guest,tara_setmayer.jpg
Nancy Gertner,Nancy Gertner,1,Guest,nancy_gertner.jpg
Charlie Warzel,Charlie Warzel,1,Guest,charlie_warzel.jpg
Charlie Dent,Charlie Dent,1,Guest,charlie_dent.jpg
Ruth Ben-Ghiat,Ruth Ben-Ghiat,1,Guest,ruth_ben-ghiat.jpg
Amanda Carpenter,Amanda Carpenter,1,Guest,amanda_carpenter.jpg
Al Cárdenas,Al Cárdenas,1,Guest,al_cárdenas.jpg
Leah Greenberg,Leah Greenberg,1,Guest,leah_greenberg.jpg
Jasmine Crockett,Jasmine Crockett,1,Guest,jasmine_crockett.jpg
Shawn Fain,Shawn Fain,1,Guest,shawn_fain.jpg
Chris Van Hollen,Chris Van Hollen,1,Guest,chris_van_hollen.jpg
Teddy Schleifer,Teddy Schleifer,1,Guest,teddy_schleifer.jpg
Quentin Fulks,Quentin Fulks,1,Guest,quentin_fulks.jpg
John Lapinski,John Lapinski,1,Guest,john_lapinski.jpg
Franita Tolson,Franita Tolson,1,Guest,franita_tolson.jpg
Ayman Mohyeldin,Ayman Mohyeldin,1,Guest,ayman_mohyeldin.jpg
Roger Hodge,Roger Hodge,1,Editor,
Laura Flynn,Laura Flynn,1,Producer,
Zach Young,Zach Young,1,Producer,
Guillaume Long,Guillaume Long,1,Guest,guillaume_long.jpg
Joshua Geltzer,Joshua Geltzer,1,Guest,joshua_geltzer.jpg
Martin Gottesfeld,Martin Gottesfeld,1,Guest,martin_gottesfeld.jpg
Simone Zimmerman,Simone Zimmerman,1,Guest,simone_zimmerman.jpg
Robert Kahne,Robert Kahne,1,Guest,robert_kahne.jpg
Richard Ojeda,Richard Ojeda,1,Guest,richard_ojeda.jpg
Alexandra Rojas,Alexandra Rojas,1,Guest,alexandra_rojas.jpg
Jazmin Smith,Jazmin Smith,1,Guest,jazmin_smith.jpg
Andrew Perez,Andrew Perez,1,Guest,andrew_perez.jpg
Yousef Munayyer,Yousef Munayyer,1,Guest,yousef_munayyer.jpg
Candace Valenzuela,Candace Valenzuela,1,Guest,candace_valenzuela.jpg
William Santon,William Santon,1,Audio Engineer,
Bart Warshaw,Bart Warshaw,1,Composer,bart_warshaw.jpg
Lauren Windsor,Lauren Windsor,1,Guest,lauren_windsor.jpg
Alice Speri,Alice Speri,1,Guest,alice_speri.jpg
Steve Benen,Steve Benen,1,Producer,steve_benen.jpg
Kim Janey,Kim Janey,1,Guest,kim_janey.jpg
Nina Khrushcheva,Nina Khrushcheva,1,Guest,nina_khrushcheva.jpg
Ari Naftali Melber,Ari Naftali Melber,1,Guest,ari_naftali_melber.jpg
John Archibald,John Archibald,1,Guest,john_archibald.jpg
Christopher Krebs,Christopher Krebs,1,Guest,christopher_krebs.jpg
Aaron Reichlin-Melnick,Aaron Reichlin-Melnick,1,Guest,aaron_reichlin-melnick.jpg
Katie Benner,Katie Benner,1,Guest,katie_benner.jpg
Yulia Navalnaya,Yulia Navalnaya,1,Guest,yulia_navalnaya.jpg
Jonathan Martin,Jonathan Martin,1,Guest,jonathan_martin.jpg
Tikhon Dzyadko,Tikhon Dzyadko,1,Guest,tikhon_dzyadko.jpg
Andrea Mitchell,Andrea Mitchell,1,Guest,andrea_mitchell.jpg
Willie Geist,Willie Geist,1,Host,willie_geist.jpg
Mika Brzezinski,Mika Brzezinski,1,Host,mika_brzezinski.jpg
Joe Scarborough,Joe Scarborough,1,Host,joe_scarborough.jpg
Louis Burgdorf,Louis Burgdorf,1,Producer,louis_burgdorf.jpg
Michael Buczkiewicz,Michael Buczkiewicz,1,Producer,michael_buczkiewicz.jpg
Sam Stein,Sam Stein,1,Guest,sam_stein.jpg
James Stavridis,James Stavridis,1,Guest,james_stavridis.jpg
Elise Jordan,Elise Jordan,1,Guest,elise_jordan.jpg
Richard Haass,Richard Haass,1,Guest,richard_haass.jpg
Mark Murray,Mark Murray,1,Guest,
Al Sharpton,Al Sharpton,1,Guest,al_sharpton.jpg
Nick Barnicle,Nick Barnicle,1,Guest,nick_barnicle.jpg
Dr. Eddie Glaude,Dr. Eddie Glaude,1,Guest,dr_eddie_glaude.jpg
Vaughn Hillyard,Vaughn Hillyard,1,Guest,vaughn_hillyard.jpg
Roger Bennett,Roger Bennett,1,Guest,roger_bennett.jpg
Jesse Jackson,Jesse Jackson,1,Guest,jesse_jackson.jpg
Dylan Douglas,Dylan Douglas,1,Guest,dylan_douglas.jpg
Peter Alexander,Peter Alexander,1,Guest,peter_alexander.jpg
Donny Deutsch,Donny Deutsch,1,Guest,donny_deutsch.jpg
Greg Bluestein,Greg Bluestein,1,Guest,greg_bluestein.jpg
Steven Rattner,Steven Rattner,1,Guest,steven_rattner.jpg
Jen O'Malley Dillon,Jen O'Malley Dillon,1,Guest,jen_o'malley_dillon.jpg
David Rothkopf,David Rothkopf,1,Guest,david_rothkopf.jpg
Paul Finebaum,Paul Finebaum,1,Guest,paul_finebaum.jpg
Jon Meacham,Jon Meacham,1,Guest,jon_meacham.jpg
Mike Barnicle,Mike Barnicle,1,Guest,mike_barnicle.jpg
Jonathan Lemire,Jonathan Lemire,1,Guest,jonathan_lemire.jpg
Eugene Robinson,Eugene Robinson,1,Guest,eugene_robinson.jpg
Pablo Torre,Pablo Torre,1,Guest,pablo_torre.jpg
Alex Korson,Alex Korson,1,Executive Producer,alex_korson.jpg
Stephanie Gosk,Stephanie Gosk,1,Reporter,stephanie_gosk.jpg
Tom Llamas,Tom Llamas,1,Reporter,tom_llamas.jpg
Jay Gray,Jay Gray,1,Reporter,
Michelle Grossman,Michelle Grossman,1,Reporter,
Janis Mackey Frayer,Janis Mackey Frayer,1,Guest,janis_mackey_frayer.jpg
Tim Alberta,Tim Alberta,1,Guest,tim_alberta.jpg
Liz Alpert,Liz Alpert,1,Guest,liz_alpert.jpg
Julia Ainsley,Julia Ainsley,1,Guest,julia_ainsley.jpg
Mark DeRosa,Mark DeRosa,1,Guest,mark_derosa.jpg
Kevin Anderson,Kevin Anderson,1,Guest,kevin_anderson.jpg
Jane Castor,Jane Castor,1,Guest,jane_castor.jpg
Colin Barnicle,Colin Barnicle,1,Guest,colin_barnicle.jpg
Michael J Brooks ,Michael J Brooks ,1,Host,michael_j_brooks_.jpg
Sam Seder,Sam Seder,1,Host,sam_seder.jpg
Matt Lech,Matt Lech,1,Host,matt_lech.jpg
Jamie Peck ,Jamie Peck ,1,Host,jamie_peck_.jpg
Emma Vigeland,Emma Vigeland,1,Host,emma_vigeland.jpg
Matt Stoller,Matt Stoller,1,Guest,matt_stoller.jpg
Will Sommer,Will Sommer,1,Guest,will_sommer.jpg
Dr. Alicia Puglionesi,Dr. Alicia Puglionesi,1,Guest,
Dr. Leah Torres,Dr. Leah Torres,1,Guest,dr_leah_torres.jpg
Deva Woodly,Deva Woodly,1,Guest,deva_woodly.jpg
Caroline Lucas,Caroline Lucas,1,Guest,caroline_lucas.jpg
Greg Casar,Greg Casar,1,Guest,greg_casar.jpg
Donna Murch,Donna Murch,1,Guest,donna_murch.jpg
Anna-Lisa Cox,Anna-Lisa Cox,1,Guest,anna-lisa_cox.jpg
Jules Boykoff,Jules Boykoff,1,Guest,jules_boykoff.jpg
Kate Crawford,Kate Crawford,1,Guest,kate_crawford.jpg
Eyal Press,Eyal Press,1,Guest,eyal_press.jpg
Dr. MarkAlain Dery,Dr. MarkAlain Dery,1,Guest,dr_markalain_dery.jpg
Kidada Williams,Kidada Williams,1,Guest,kidada_williams.jpg
Richard Alba,Richard Alba,1,Guest,richard_alba.jpg
Larry Sharpe,Larry Sharpe,1,Guest,larry_sharpe.jpg
Benjamin Dixon,Benjamin Dixon,1,Guest,
Gina Dent,Gina Dent,1,Guest,gina_dent.jpg
Paul Sabin,Paul Sabin,1,Guest,paul_sabin.jpg
Ursula Hackett,Ursula Hackett,1,Guest,ursula_hackett.jpg
Abdul El-Sayed,Abdul El-Sayed,1,Guest,abdul_el-sayed.jpg
Diana Buttu,Diana Buttu,1,Guest,diana_buttu.jpg
Judy Gold,Judy Gold,1,Guest,judy_gold.jpg
Dan Friesen,Dan Friesen,1,Guest,dan_friesen.jpg
Heather Parton,Heather Parton,1,Guest,heather_parton.jpg
Natasha Lennard,Natasha Lennard,1,Guest,natasha_lennard.jpg
Kathryn Judge,Kathryn Judge,1,Guest,kathryn_judge.jpg
Sarah Jaffe,Sarah Jaffe,1,Guest,sarah_jaffe.jpg
Jonathan Mahler,Jonathan Mahler,1,Guest,jonathan_mahler.jpg
Jaz Brisack,Jaz Brisack,1,Guest,
James Russell,James Russell,1,Guest,james_russell.jpg
Jessica Cisneros,Jessica Cisneros,1,Guest,jessica_cisneros.jpg
Joshua Specht,Joshua Specht,1,Guest,joshua_specht.jpg
Christian Smalls,Christian Smalls,1,Guest,christian_smalls.jpg
Jefferson Morley,Jefferson Morley,1,Guest,jefferson_morley.jpg
Mark Bankston,Mark Bankston,1,Guest,mark_bankston.jpg
Matt Lieb,Matt Lieb,1,Guest,matt_lieb.jpg
Joshua Landis,Joshua Landis,1,Guest,joshua_landis.jpg
Meron Rapoport,Meron Rapoport,1,Guest,meron_rapoport.jpg
Nikki Usher,Nikki Usher,1,Guest,nikki_usher.jpg
Jordan Flowers,Jordan Flowers,1,Guest,jordan_flowers.jpg
Samuel Stein,Samuel Stein,1,Guest,samuel_stein.jpg
Saul Seder,Saul Seder,1,Guest,
Alexander Zaitchik,Alexander Zaitchik,1,Guest,alexander_zaitchik.jpg
Spencer Headworth,Spencer Headworth,1,Guest,spencer_headworth.jpg
Ruben Andersson,Ruben Andersson,1,Guest,ruben_andersson.jpg
Brendan James,Brendan James,1,Guest,
Hahrie Han,Hahrie Han,1,Guest,hahrie_han.jpg
Leslie Kern,Leslie Kern,1,Guest,leslie_kern.jpg
Kris Manjapra,Kris Manjapra,1,Guest,kris_manjapra.jpg
Sarah R. Coleman,Sarah R. Coleman,1,Guest,sarah_r_coleman.jpg
Dan Bouk,Dan Bouk,1,Guest,dan_bouk.jpg
Keisha N. Blain,Keisha N. Blain,1,Guest,keisha_n_blain.jpg
Dave Goulson,Dave Goulson,1,Guest,dave_goulson.jpg
Heath Brown,Heath Brown,1,Guest,heath_brown.jpg
Katherine Blunt,Katherine Blunt,1,Guest,katherine_blunt.jpg
Sarah Silverman,Sarah Silverman,1,Guest,sarah_silverman.jpg
Amanda Montell,Amanda Montell,1,Guest,amanda_montell.jpg
Ruth Conniff,Ruth Conniff,1,Guest,ruth_conniff.jpg
Jess McHugh,Jess McHugh,1,Guest,jess_mchugh.jpg
Nick Turse,Nick Turse,1,Guest,nick_turse.jpg
J. David McSwane,J. David McSwane,1,Guest,j_david_mcswane.jpg
Nancy Fraser,Nancy Fraser,1,Guest,nancy_fraser.jpg
James Kilgore,James Kilgore,1,Guest,james_kilgore.jpg
Erin Reed,Erin Reed,1,Guest,erin_reed.jpg
Devon Carbado,Devon Carbado,1,Guest,devon_carbado.jpg
Olayemi Olurin,Olayemi Olurin,1,Guest,olayemi_olurin.jpg
Barbara Freese,Barbara Freese,1,Guest,barbara_freese.jpg
Natalie Shure,Natalie Shure,1,Guest,natalie_shure.jpg
Rachel Greenwald Smith,Rachel Greenwald Smith,1,Guest,rachel_greenwald_smith.jpg
Donald Cohen,Donald Cohen,1,Guest,donald_cohen.jpg
Dave Zirin,Dave Zirin,1,Guest,dave_zirin.jpg
Matt Duss,Matt Duss,1,Guest,matt_duss.jpg
Gerald Horne,Gerald Horne,1,Guest,gerald_horne.jpg
Anne Nelson,Anne Nelson,1,Guest,anne_nelson.jpg
Elizabeth Popp Berman,Elizabeth Popp Berman,1,Guest,elizabeth_popp_berman.jpg
Dr. Sara Nur Yildiz,Dr. Sara Nur Yildiz,1,Guest,
Fae Weichsel,Fae Weichsel,1,Guest,
Naomi Oreskes,Naomi Oreskes,1,Guest,naomi_oreskes.jpg
Andy Kroll,Andy Kroll,1,Guest,andy_kroll.jpg
Ken Klippenstein,Ken Klippenstein,1,Guest,ken_klippenstein.jpg
Dr. Elinor Cleghorn,Dr. Elinor Cleghorn,1,Guest,dr_elinor_cleghorn.jpg
Jessica Preheim,Jessica Preheim,1,Guest,
Aamon Hawk,Aamon Hawk,1,Guest,
Clara Mattei,Clara Mattei,1,Guest,clara_mattei.jpg
Anna Della Subin,Anna Della Subin,1,Guest,anna_della_subin.jpg
Aviva Chomsky,Aviva Chomsky,1,Guest,aviva_chomsky.jpg
Daisy Pitkin,Daisy Pitkin,1,Guest,daisy_pitkin.jpg
Randall Eliason,Randall Eliason,1,Guest,randall_eliason.jpg
William Darity,William Darity,1,Guest,william_darity.jpg
Rafia Zakaria,Rafia Zakaria,1,Guest,rafia_zakaria.jpg
Jefferson Cowie,Jefferson Cowie,1,Guest,jefferson_cowie.jpg
Ross Barkan,Ross Barkan,1,Guest,ross_barkan.jpg
Dr. Kellie Jackson,Dr. Kellie Jackson,1,Guest,dr_kellie_jackson.jpg
Vali Nasr,Vali Nasr,1,Guest,vali_nasr.jpg
Jonathan Guyer,Jonathan Guyer,1,Guest,jonathan_guyer.jpg
Michael Albert,Michael Albert,1,Guest,michael_albert.jpg
Dr. Will Stronge,Dr. Will Stronge,1,Guest,dr_will_stronge.jpg
Jon Marshall,Jon Marshall,1,Guest,jon_marshall.jpg
Rebecca Galemba,Rebecca Galemba,1,Guest,rebecca_galemba.jpg
Jane McAlevey,Jane McAlevey,1,Guest,jane_mcalevey.jpg
Vivek Chibber,Vivek Chibber,1,Guest,vivek_chibber.jpg
David Feldman,David Feldman,1,Guest,david_feldman.jpg
Matthew Cole,Matthew Cole,1,Guest,matthew_cole.jpg
Danielle Lindemann,Danielle Lindemann,1,Guest,danielle_lindemann.jpg
Heather Berg,Heather Berg,1,Guest,heather_berg.jpg
Francesca Fiorentini,Francesca Fiorentini,1,Guest,francesca_fiorentini.jpg
John Hodgman,John Hodgman,1,Guest,john_hodgman.jpg
Richard D. Wolff,Richard D. Wolff,1,Guest,richard_d_wolff.jpg
Daniel Ellsberg,Daniel Ellsberg,1,Guest,daniel_ellsberg.jpg
Adam Johnson,Adam Johnson,1,Guest,adam_johnson.jpg
Claudia Goldin,Claudia Goldin,1,Guest,claudia_goldin.jpg
Quinn Slobodian,Quinn Slobodian,1,Guest,quinn_slobodian.jpg
Herschel Walker,Herschel Walker,1,Guest,herschel_walker.jpg
Sean Illing,Sean Illing,1,Guest,sean_illing.jpg
Ilan Pappé,Ilan Pappé,1,Guest,ilan_pappé.jpg
Matthew T. Huber,Matthew T. Huber,1,Guest,matthew_t_huber.jpg
Stylianos Karolidis,Stylianos Karolidis,1,Guest,stylianos_karolidis.jpg
Astra Taylor,Astra Taylor,1,Guest,astra_taylor.jpg
Heather Digby,Heather Digby,1,Guest,heather_digby.jpg
James Austin Johnson,James Austin Johnson,1,Guest,james_austin_johnson.jpg
Rupa Marya,Rupa Marya,1,Guest,rupa_marya.jpg
Kerry Howley,Kerry Howley,1,Guest,kerry_howley.jpg
Alex Hochuli,Alex Hochuli,1,Guest,alex_hochuli.jpg
Max Chafkin,Max Chafkin,1,Guest,max_chafkin.jpg
Ian Millhiser,Ian Millhiser,1,Guest,ian_millhiser.jpg
Jon Grinspan,Jon Grinspan,1,Guest,jon_grinspan.jpg
Will Bunch,Will Bunch,1,Guest,will_bunch.jpg
Christopher Leonard,Christopher Leonard,1,Guest,christopher_leonard.jpg
David Griscom,David Griscom,1,Guest,david_griscom.jpg
Andrew Callaghan,Andrew Callaghan,1,Guest,andrew_callaghan.jpg
Anthony Jack,Anthony Jack,1,Guest,anthony_jack.jpg
Ryan Cooper,Ryan Cooper,1,Guest,ryan_cooper.jpg
Barry Eidlin,Barry Eidlin,1,Guest,barry_eidlin.jpg
Natalia Mehlman Petrzela,Natalia Mehlman Petrzela,1,Guest,natalia_mehlman_petrzela.jpg
Elizabeth Hinton,Elizabeth Hinton,1,Guest,elizabeth_hinton.jpg
Elizabeth Tandy Shermer,Elizabeth Tandy Shermer,1,Guest,elizabeth_tandy_shermer.jpg
Caleb Cain,Caleb Cain,1,Guest,caleb_cain.jpg
Stephen Wertheim,Stephen Wertheim,1,Guest,stephen_wertheim.jpg
Adrian Hon,Adrian Hon,1,Guest,adrian_hon.jpg
Jamie Ducharme,Jamie Ducharme,1,Guest,jamie_ducharme.jpg
Mark Joseph Stern,Mark Joseph Stern,1,Guest,mark_joseph_stern.jpg
Rachel Cohen,Rachel Cohen,1,Guest,rachel_cohen.jpg
Vanessa Williamson,Vanessa Williamson,1,Guest,vanessa_williamson.jpg
Rosa Brooks,Rosa Brooks,1,Guest,rosa_brooks.jpg
Ussama Makdisi,Ussama Makdisi,1,Guest,ussama_makdisi.jpg
Jason Myles,Jason Myles,1,Guest,
Matt Binder,Matt Binder,1,Guest,matt_binder.jpg
Sharon Lerner,Sharon Lerner,1,Guest,sharon_lerner.jpg
Dr. Steven Thrasher,Dr. Steven Thrasher,1,Guest,dr_steven_thrasher.jpg
Malaika Jabali,Malaika Jabali,1,Guest,malaika_jabali.jpg
Alan Minsky,Alan Minsky,1,Guest,alan_minsky.jpg
Jonah Furman,Jonah Furman,1,Guest,jonah_furman.jpg
David W. Blight,David W. Blight,1,Guest,david_w_blight.jpg
Jack Crosbie,Jack Crosbie,1,Guest,jack_crosbie.jpg
Alexandra Natapoff,Alexandra Natapoff,1,Guest,alexandra_natapoff.jpg
Edwin Raymond,Edwin Raymond,1,Guest,edwin_raymond.jpg
Mike Duncan,Mike Duncan,1,Guest,mike_duncan.jpg
Jayar Jackson,Jayar Jackson,1,Guest,jayar_jackson.jpg
Blake Emerson,Blake Emerson,1,Guest,blake_emerson.jpg
Alex Speidel,Alex Speidel,1,Guest,alex_speidel.jpg
Kyla Schuller,Kyla Schuller,1,Guest,kyla_schuller.jpg
Luke Savage,Luke Savage,1,Guest,luke_savage.jpg
Anthea Butler,Anthea Butler,1,Guest,anthea_butler.jpg
Laleh Khalili,Laleh Khalili,1,Guest,laleh_khalili.jpg
Alex de Waal,Alex de Waal,1,Guest,alex_de_waal.jpg
Bill McKibben,Bill McKibben,1,Guest,bill_mckibben.jpg
Andy Kindler,Andy Kindler,1,Guest,andy_kindler.jpg
Andrew Delbanco,Andrew Delbanco,1,Guest,andrew_delbanco.jpg
Troy Vettese,Troy Vettese,1,Guest,
Dan Bessner,Dan Bessner,1,Guest,dan_bessner.jpg
Brian Merchant,Brian Merchant,1,Guest,brian_merchant.jpg
Michael Bronski,Michael Bronski,1,Guest,michael_bronski.jpg
Julia Rock,Julia Rock,1,Guest,julia_rock.jpg
John Huntington,John Huntington,1,Guest,john_huntington.jpg
Tim Heidecker,Tim Heidecker,1,Guest,tim_heidecker.jpg
Sam Quinones,Sam Quinones,1,Guest,sam_quinones.jpg
Ben Burgis,Ben Burgis,1,Guest,ben_burgis.jpg
Aaron Kleinman,Aaron Kleinman,1,Guest,
Jonathan Levy,Jonathan Levy,1,Guest,jonathan_levy.jpg
Hamza Syed,Hamza Syed,1,Guest,hamza_syed.jpg
Dr. Khiara Bridges,Dr. Khiara Bridges,1,Guest,dr_khiara_bridges.jpg
Cas Mudde,Cas Mudde,1,Guest,
Paul M. Renfro,Paul M. Renfro,1,Guest,paul_m_renfro.jpg
Brian Hochman,Brian Hochman,1,Guest,brian_hochman.jpg
Adam Hilton,Adam Hilton,1,Guest,adam_hilton.jpg
Tony Messenger,Tony Messenger,1,Guest,tony_messenger.jpg
Nick Estes,Nick Estes,1,Guest,nick_estes.jpg
Ben Gleib,Ben Gleib,1,Guest,ben_gleib.jpg
Annelle Sheline,Annelle Sheline,1,Guest,annelle_sheline.jpg
Tom Zoellner,Tom Zoellner,1,Guest,tom_zoellner.jpg
Luke Goldstein,Luke Goldstein,1,Guest,
Dr. Uché Blackstock,Dr. Uché Blackstock,1,Guest,dr_uché_blackstock.jpg
Suzanne Nossel,Suzanne Nossel,1,Guest,suzanne_nossel.jpg
Maureen Tkacik,Maureen Tkacik,1,Guest,maureen_tkacik.jpg
Pascal Robert,Pascal Robert,1,Guest,pascal_robert.jpg
Amanda Seales,Amanda Seales,1,Guest,amanda_seales.jpg
H. Jon Benjamin,H. Jon Benjamin,1,Guest,h_jon_benjamin.jpg
Aziz Rana,Aziz Rana,1,Guest,aziz_rana.jpg
Alex Sammon,Alex Sammon,1,Guest,alex_sammon.jpg
Lowell Peterson,Lowell Peterson,1,Guest,lowell_peterson.jpg
Carol Leonnig,Carol Leonnig,1,Guest,carol_leonnig.jpg
Moustafa Bayoumi,Moustafa Bayoumi,1,Guest,moustafa_bayoumi.jpg
Elizabeth Samet,Elizabeth Samet,1,Guest,elizabeth_samet.jpg
India Walton,India Walton,1,Guest,india_walton.jpg
Lily Geismer,Lily Geismer,1,Guest,lily_geismer.jpg
Ann Neumann,Ann Neumann,1,Guest,ann_neumann.jpg
Matthew Stewart,Matthew Stewart,1,Guest,matthew_stewart.jpg
Jena Friedman,Jena Friedman,1,Guest,jena_friedman.jpg
Henry Grabar,Henry Grabar,1,Guest,henry_grabar.jpg
Alissa Quart ,Alissa Quart ,1,Guest,alissa_quart_.jpg
Murtaza Hussain,Murtaza Hussain,1,Guest,murtaza_hussain.jpg
William A. Darity,William A. Darity,1,Guest,william_a_darity.jpg
Ada Ferrer,Ada Ferrer,1,Guest,ada_ferrer.jpg
Amanda Terkel,Amanda Terkel,1,Guest,amanda_terkel.jpg
Pat Garofalo,Pat Garofalo,1,Guest,pat_garofalo.jpg
Bhairavi Desai,Bhairavi Desai,1,Guest,bhairavi_desai.jpg
Travis Dixon,Travis Dixon,1,Guest,travis_dixon.jpg
Beatrice Adler-Bolton,Beatrice Adler-Bolton,1,Guest,beatrice_adler-bolton.jpg
Helena Bottemiller Evich,Helena Bottemiller Evich,1,Guest,helena_bottemiller_evich.jpg
Travis Lupick,Travis Lupick,1,Guest,travis_lupick.jpg
Dr. Marcia Chatelain,Dr. Marcia Chatelain,1,Guest,dr_marcia_chatelain.jpg
Trita Parsi,Trita Parsi,1,Guest,trita_parsi.jpg
David Rees,David Rees,1,Guest,david_rees.jpg
Kyle T. Mays,Kyle T. Mays,1,Guest,kyle_t_mays.jpg
Jon N. Hale,Jon N. Hale,1,Guest,jon_n_hale.jpg
David Wengrow,David Wengrow,1,Guest,david_wengrow.jpg
William A. Blair,William A. Blair,1,Guest,william_a_blair.jpg
Walt Bogdanich,Walt Bogdanich,1,Guest,walt_bogdanich.jpg
Kimberly Varnon,Kimberly Varnon,1,Guest,kimberly_varnon.jpg
James North,James North,1,Guest,james_north.jpg
Bartow Elmore,Bartow Elmore,1,Guest,bartow_elmore.jpg
Eugene Puryear,Eugene Puryear,1,Guest,eugene_puryear.jpg
Tony Delorio,Tony Delorio,1,Guest,tony_delorio.jpg
Karen Hao,Karen Hao,1,Guest,karen_hao.jpg
Derek Davison,Derek Davison,1,Guest,
Jeremy Gilbert,Jeremy Gilbert,1,Guest,jeremy_gilbert.jpg
Andrew Seidel,Andrew Seidel,1,Guest,andrew_seidel.jpg
Sheryll Cashin,Sheryll Cashin,1,Guest,sheryll_cashin.jpg
Garrison Lovely,Garrison Lovely,1,Guest,garrison_lovely.jpg
Sean McElwee,Sean McElwee,1,Guest,sean_mcelwee.jpg
Joe Margulies,Joe Margulies,1,Guest,joe_margulies.jpg
Jordan Holmes,Jordan Holmes,1,Guest,jordan_holmes.jpg
Eviane Leidig,Eviane Leidig,1,Guest,eviane_leidig.jpg
Oliver Bullough,Oliver Bullough,1,Guest,oliver_bullough.jpg
Ari Rabin Havt,Ari Rabin Havt,1,Guest,ari_rabin_havt.jpg
Akela Lacy,Akela Lacy,1,Guest,akela_lacy.jpg
Peter Robison,Peter Robison,1,Guest,peter_robison.jpg
Andrew Ross,Andrew Ross,1,Guest,andrew_ross.jpg
Jamie Edwards,Jamie Edwards,1,Guest,
Zachary Carter,Zachary Carter,1,Guest,zachary_carter.jpg
Tim Jackson,Tim Jackson,1,Guest,tim_jackson.jpg
Kelly Weill,Kelly Weill,1,Guest,kelly_weill.jpg
Jonathan Daniel Wells,Jonathan Daniel Wells,1,Guest,jonathan_daniel_wells.jpg
Benjamin T. Smith,Benjamin T. Smith,1,Guest,
Karen L. Cox,Karen L. Cox,1,Guest,karen_l_cox.jpg
Brenda Wineapple,Brenda Wineapple,1,Guest,brenda_wineapple.jpg
Canyon Woodward,Canyon Woodward,1,Guest,canyon_woodward.jpg
Sumathy Kumar,Sumathy Kumar,1,Guest,sumathy_kumar.jpg
Daniel Melo,Daniel Melo,1,Guest,daniel_melo.jpg
Dean Spade,Dean Spade,1,Guest,dean_spade.jpg
Emily Tamkin,Emily Tamkin,1,Guest,emily_tamkin.jpg
Louis Hyman,Louis Hyman,1,Guest,louis_hyman.jpg
Jorge Rocha,Jorge Rocha,1,Guest,
David Vine,David Vine,1,Guest,david_vine.jpg
Treva Lindsey,Treva Lindsey,1,Guest,treva_lindsey.jpg
Rupert Russell,Rupert Russell,1,Guest,rupert_russell.jpg
Sam Mellins,Sam Mellins,1,Guest,sam_mellins.jpg
Roxanne Dunbar-Ortiz,Roxanne Dunbar-Ortiz,1,Guest,roxanne_dunbar-ortiz.jpg
Tim Higgins,Tim Higgins,1,Guest,tim_higgins.jpg
Jessie Singer,Jessie Singer,1,Guest,jessie_singer.jpg
Dale Kretz,Dale Kretz,1,Guest,
Michael German,Michael German,1,Guest,michael_german.jpg
Richard Kahlenberg,Richard Kahlenberg,1,Guest,richard_kahlenberg.jpg
Harold Meyerson,Harold Meyerson,1,Guest,harold_meyerson.jpg
John Nichols,John Nichols,1,Guest,john_nichols.jpg
Alexandra Hunt,Alexandra Hunt,1,Guest,alexandra_hunt.jpg
Karen Levy,Karen Levy,1,Guest,
Emily Flitter,Emily Flitter,1,Guest,emily_flitter.jpg
John Schuessler,John Schuessler,1,Guest,john_schuessler.jpg
Danielle Carr,Danielle Carr,1,Guest,danielle_carr.jpg
David Cross,David Cross,1,Guest,david_cross.jpg
Amjad Iraqi,Amjad Iraqi,1,Guest,amjad_iraqi.jpg
Michelle Eisen,Michelle Eisen,1,Guest,michelle_eisen.jpg
David Treuer,David Treuer,1,Guest,david_treuer.jpg
Katharina Pistor,Katharina Pistor,1,Guest,katharina_pistor.jpg
Drew Pendergrass,Drew Pendergrass,1,Guest,drew_pendergrass.jpg
William Neuman,William Neuman,1,Guest,william_neuman.jpg
Matthew Cortland,Matthew Cortland,1,Guest,matthew_cortland.jpg
Louis Rossmann,Louis Rossmann,1,Guest,louis_rossmann.jpg
Amanda Lewis,Amanda Lewis,1,Guest,amanda_lewis.jpg
Daniel Immerwahr,Daniel Immerwahr,1,Guest,daniel_immerwahr.jpg
Paris Marx,Paris Marx,1,Guest,paris_marx.jpg
Rogé Karma,Rogé Karma,1,Guest,rogé_karma.jpg
Alex Pareene,Alex Pareene,1,Guest,alex_pareene.jpg
Sarah Seo,Sarah Seo,1,Guest,sarah_seo.jpg
Jarod Facundo,Jarod Facundo,1,Guest,
Adam Tooze,Adam Tooze,1,Guest,adam_tooze.jpg
Gary Gerstle,Gary Gerstle,1,Guest,gary_gerstle.jpg
Ilhan Omar,Ilhan Omar,1,Guest,ilhan_omar.jpg
Malcolm Harris,Malcolm Harris,1,Guest,malcolm_harris.jpg
Melissa Gira Grant,Melissa Gira Grant,1,Guest,melissa_gira_grant.jpg
Jake Flores,Jake Flores,1,Guest,jake_flores.jpg
Adam Hochschild,Adam Hochschild,1,Guest,adam_hochschild.jpg
Orville Burton,Orville Burton,1,Guest,orville_burton.jpg
Christopher W. Shaw,Christopher W. Shaw,1,Guest,christopher_w_shaw.jpg
Raina Lipsitz,Raina Lipsitz,1,Guest,raina_lipsitz.jpg
Leah Stokes,Leah Stokes,1,Guest,leah_stokes.jpg
Matt Christman,Matt Christman,1,Guest,
Tim Shorrock,Tim Shorrock,1,Guest,
Daniel Laurison,Daniel Laurison,1,Guest,
Blair L.M. Kelley,Blair L.M. Kelley,1,Guest,blair_lm_kelley.jpg
Paul Johnson,Paul Johnson,1,Guest,paul_johnson.jpg
Ingrid Robeyns,Ingrid Robeyns,1,Guest,
Mike Konczal,Mike Konczal,1,Guest,mike_konczal.jpg
Olufemi O. Taiwo,Olufemi O. Taiwo,1,Guest,olufemi_o_taiwo.jpg
Haggai Matar,Haggai Matar,1,Guest,haggai_matar.jpg
Ashley Dawson,Ashley Dawson,1,Guest,
Michael Brenes,Michael Brenes,1,Guest,michael_brenes.jpg
Margaret MacMillan,Margaret MacMillan,1,Guest,margaret_macmillan.jpg
Bruce Schneier,Bruce Schneier,1,Guest,bruce_schneier.jpg
Adam Conover,Adam Conover,1,Guest,adam_conover.jpg
William E. Forbath,William E. Forbath,1,Guest,william_e_forbath.jpg
Sara Matthiesen,Sara Matthiesen,1,Guest,sara_matthiesen.jpg
Rana Abdelhamid,Rana Abdelhamid,1,Guest,rana_abdelhamid.jpg
Nomiki Konst,Nomiki Konst,1,Guest,nomiki_konst.jpg
Ben Terris,Ben Terris,1,Guest,ben_terris.jpg
Asad Haider,Asad Haider,1,Guest,asad_haider.jpg
Timothy Faust,Timothy Faust,1,Guest,timothy_faust.jpg
Dorothy Roberts,Dorothy Roberts,1,Guest,dorothy_roberts.jpg
Rashid Khalidi,Rashid Khalidi,1,Guest,rashid_khalidi.jpg
Noah Kulwin,Noah Kulwin,1,Guest,noah_kulwin.jpg
Robin Kelley,Robin Kelley,1,Guest,robin_kelley.jpg
Trevor Aaronson,Trevor Aaronson,1,Guest,trevor_aaronson.jpg
Timothy Jost,Timothy Jost,1,Guest,timothy_jost.jpg
Sanford M. Jacoby,Sanford M. Jacoby,1,Guest,sanford_m_jacoby.jpg
Katherine Todrys,Katherine Todrys,1,Guest,katherine_todrys.jpg
Alexander Keyssar,Alexander Keyssar,1,Guest,alexander_keyssar.jpg
David Pepper,David Pepper,1,Guest,david_pepper.jpg
Alleen Brown,Alleen Brown,1,Guest,
Martin Sherwin,Martin Sherwin,1,Guest,martin_sherwin.jpg
Joseph Fishkin,Joseph Fishkin,1,Guest,joseph_fishkin.jpg
Donald Yacovone,Donald Yacovone,1,Guest,donald_yacovone.jpg
Chloe Maxmin,Chloe Maxmin,1,Guest,chloe_maxmin.jpg
Gary Orfield,Gary Orfield,1,Guest,gary_orfield.jpg
Jacob Silverman,Jacob Silverman,1,Guest,jacob_silverman.jpg
David Wessel,David Wessel,1,Guest,david_wessel.jpg
David Graeber,David Graeber,1,Guest,david_graeber.jpg
James Risen,James Risen,1,Guest,james_risen.jpg
Timothy Shenk,Timothy Shenk,1,Guest,timothy_shenk.jpg
Yanis Varoufakis,Yanis Varoufakis,1,Guest,yanis_varoufakis.jpg
Peniel Joseph,Peniel Joseph,1,Guest,peniel_joseph.jpg
Ben Tarnoff,Ben Tarnoff,1,Guest,ben_tarnoff.jpg
Kim Kelly,Kim Kelly,1,Guest,kim_kelly.jpg
Victoria Bassetti,Victoria Bassetti,1,Guest,victoria_bassetti.jpg
Zhandarka Kurti,Zhandarka Kurti,1,Guest,
Russ Feingold,Russ Feingold,1,Guest,russ_feingold.jpg
Brian Mier,Brian Mier,1,Guest,brian_mier.jpg
Carl Lindskoog,Carl Lindskoog,1,Guest,carl_lindskoog.jpg
Matt Ford,Matt Ford,1,Guest,matt_ford.jpg
Dr. Nicholas Kardaras,Dr. Nicholas Kardaras,1,Guest,dr_nicholas_kardaras.jpg
Jeff Hauser,Jeff Hauser,1,Guest,jeff_hauser.jpg
Edward Miller,Edward Miller,1,Guest,edward_miller.jpg
Dr. Manisha Sinha,Dr. Manisha Sinha,1,Guest,dr_manisha_sinha.jpg
Dr. Ibrahim Al-Marashi,Dr. Ibrahim Al-Marashi,1,Guest,dr_ibrahim_al-marashi.jpg
Nick Seabrook,Nick Seabrook,1,Guest,nick_seabrook.jpg
Kari Lydersen,Kari Lydersen,1,Guest,kari_lydersen.jpg
James Tabery,James Tabery,1,Guest,james_tabery.jpg
Jacob Sugarman,Jacob Sugarman,1,Guest,
Laura Katz Olson,Laura Katz Olson,1,Guest,laura_katz_olson.jpg
Jarrod Shanahan,Jarrod Shanahan,1,Guest,jarrod_shanahan.jpg
Van Jackson,Van Jackson,1,Guest,van_jackson.jpg
Kimberly St. Julian-Varnon,Kimberly St. Julian-Varnon,1,Guest,kimberly_st_julian-varnon.jpg
Ahsan I. Butt,Ahsan I. Butt,1,Guest,ahsan_i_butt.jpg
Sarah Moran,Sarah Moran,1,Guest,
Marian Schlotterbeck,Marian Schlotterbeck,1,Guest,marian_schlotterbeck.jpg
Rosie Collington,Rosie Collington,1,Guest,rosie_collington.jpg
Dr. Anastasia Curwood,Dr. Anastasia Curwood,1,Guest,dr_anastasia_curwood.jpg
Sarah Brayne,Sarah Brayne,1,Guest,sarah_brayne.jpg
Catherine Liu,Catherine Liu,1,Guest,catherine_liu.jpg
T.J. Kitchen,T.J. Kitchen,1,Guest,
Bethany Kosmicki,Bethany Kosmicki,1,Guest,bethany_kosmicki.jpg
Dominique Remy,Dominique Remy,1,Guest,
Kaniela Ing,Kaniela Ing,1,Guest,kaniela_ing.jpg
Orisanmi Burton,Orisanmi Burton,1,Guest,orisanmi_burton.jpg
Ryan Gabrielson,Ryan Gabrielson,1,Guest,
Jake Johnston,Jake Johnston,1,Guest,jake_johnston.jpg
Cole James Cash,Cole James Cash,1,Guest,
Sarah Miller,Sarah Miller,1,Guest,sarah_miller.jpg
Dr. Titi Afolabi,Dr. Titi Afolabi,1,Guest,dr_titi_afolabi.jpg
Daniel Canon,Daniel Canon,1,Guest,daniel_canon.jpg
John Abramson,John Abramson,1,Guest,john_abramson.jpg
Raymond Jackson,Raymond Jackson,1,Guest,raymond_jackson.jpg
Matthew Soules,Matthew Soules,1,Guest,matthew_soules.jpg
Alec Karakatsanis,Alec Karakatsanis,1,Guest,alec_karakatsanis.jpg
Dr. Bradley Onishi,Dr. Bradley Onishi,1,Guest,dr_bradley_onishi.jpg
Dr. Melvin Rogers,Dr. Melvin Rogers,1,Guest,dr_melvin_rogers.jpg
Neil Vallelly,Neil Vallelly,1,Guest,neil_vallelly.jpg
Ganesh Sitaraman,Ganesh Sitaraman,1,Guest,ganesh_sitaraman.jpg
Kina Collins,Kina Collins,1,Guest,kina_collins.jpg
Shon Faye,Shon Faye,1,Guest,shon_faye.jpg
Justin Driver,Justin Driver,1,Guest,justin_driver.jpg
Carlos Rodriguez,Carlos Rodriguez,1,Guest,carlos_rodriguez.jpg
Seth Harp,Seth Harp,1,Guest,seth_harp.jpg
Katya Schwenk,Katya Schwenk,1,Guest,katya_schwenk.jpg
Hasan Ali,Hasan Ali,1,Guest,hasan_ali.jpg
Destin Jenkins,Destin Jenkins,1,Guest,destin_jenkins.jpg
Amane Badhasso,Amane Badhasso,1,Guest,
Corban Addison,Corban Addison,1,Guest,corban_addison.jpg
Premilla Nadasen,Premilla Nadasen,1,Guest,premilla_nadasen.jpg
Nsombi Lambright,Nsombi Lambright,1,Guest,nsombi_lambright.jpg
Murray Cox,Murray Cox,1,Guest,murray_cox.jpg
Imani Perry,Imani Perry,1,Guest,imani_perry.jpg
Lupe Rodriguez,Lupe Rodriguez,1,Guest,lupe_rodriguez.jpg
Camille Gix,Camille Gix,1,Guest,camille_gix.jpg
Adam Green,Adam Green,1,Guest,
Teresa Ghilarducci,Teresa Ghilarducci,1,Guest,teresa_ghilarducci.jpg
Daniel Medwed,Daniel Medwed,1,Guest,daniel_medwed.jpg
Kate Wagner,Kate Wagner,1,Guest,kate_wagner.jpg
Ed Burmila,Ed Burmila,1,Guest,ed_burmila.jpg
Claudio Saunt,Claudio Saunt,1,Guest,claudio_saunt.jpg
Azad Essa,Azad Essa,1,Guest,azad_essa.jpg
Shaan Sharma,Shaan Sharma,1,Guest,shaan_sharma.jpg
Jacob Grumbach,Jacob Grumbach,1,Guest,jacob_grumbach.jpg
Nick Weiner,Nick Weiner,1,Guest,
Yuh-Line Niou,Yuh-Line Niou,1,Guest,yuh-line_niou.jpg
Aaron Habrack,Aaron Habrack,1,Guest,
Edwin F. Ackerman,Edwin F. Ackerman,1,Guest,edwin_f_ackerman.jpg
Lauren Kirchner,Lauren Kirchner,1,Guest,lauren_kirchner.jpg
Sophia Moccio,Sophia Moccio,1,Guest,sophia_moccio.jpg
Alexandra Scaggs,Alexandra Scaggs,1,Guest,alexandra_scaggs.jpg
Mark Beissinger,Mark Beissinger,1,Guest,mark_beissinger.jpg
Jillian C. York,Jillian C. York,1,Guest,jillian_c_york.jpg
Harvey J. Kaye,Harvey J. Kaye,1,Guest,
Jake Werner,Jake Werner,1,Guest,jake_werner.jpg
Leo Schwartz,Leo Schwartz,1,Guest,
Zachary A. Siegel,Zachary A. Siegel,1,Guest,zachary_a_siegel.jpg
Steve Paxton,Steve Paxton,1,Guest,
Hannah Rae Armstrong,Hannah Rae Armstrong,1,Guest,
Sarah Lamdan,Sarah Lamdan,1,Guest,sarah_lamdan.jpg
Jonathan Graubart,Jonathan Graubart,1,Guest,jonathan_graubart.jpg
Robert Jones,Robert Jones,1,Guest,robert_jones.jpg
Daniel Finn,Daniel Finn,1,Guest,
Micha Frazer-Carroll,Micha Frazer-Carroll,1,Guest,micha_frazer-carroll.jpg
Raymond Craib,Raymond Craib,1,Guest,raymond_craib.jpg
John Bartlett,John Bartlett,1,Guest,john_bartlett.jpg
Robert Kuttner,Robert Kuttner,1,Guest,
Jon Shelton,Jon Shelton,1,Guest,jon_shelton.jpg
Michael J. Sandel,Michael J. Sandel,1,Guest,michael_j_sandel.jpg
Dr. Peter Hotez,Dr. Peter Hotez,1,Guest,dr_peter_hotez.jpg
Chill Goblin,Chill Goblin,1,Guest,
Amanda Bock,Amanda Bock,1,Guest,
Chris Pomorski,Chris Pomorski,1,Guest,
Indi Dutta-Gupta,Indi Dutta-Gupta,1,Guest,indi_dutta-gupta.jpg
Andy Campbell,Andy Campbell,1,Guest,andy_campbell.jpg
Dr. Robert Greene,Dr. Robert Greene,1,Guest,dr_robert_greene.jpg
Lauren Ornelas,Lauren Ornelas,1,Guest,lauren_ornelas.jpg
Zeteo,Zeteo,1,Substack,
Why Is This Happening?,Why Is This Happening?,1.5,Podcast,
Strict Scrutiny,Strict Scrutiny,1.2,Podcast,
Fast Politics,Fast Politics,1.5,Podcast,
The Weekly Show,The Weekly Show,1.5,Podcast,
Know Your Enemy,Know Your Enemy,1.2,Podcast,
All In with Chris Hayes,All In with Chris Hayes,2,Show,
Deconstructed,Deconstructed,1.2,Podcast,
The Rachel Maddow Show,The Rachel Maddow Show,2,Show,
Morning Joe,Morning Joe,2,Show,
The Majority Report,The Majority Report,2,Podcast,